<?xml version="1.0" encoding="UTF-8"?>
<con:soapui-project id="17f8a44e-b2d6-45c2-a37a-383d4e2926dc" created="3.3.0" activeEnvironment="Default environment" name="REST Project 7" updated="3.3.0 2020-06-26T16:21:32Z" xmlns:con="http://eviware.com/soapui/config"><con:settings/><con:interface xsi:type="con:RestService" id="97269363-176a-4186-a08c-f1aeeb836d0e" wadlVersion="http://wadl.dev.java.net/2009/02" name="https://petstore.swagger.io" type="rest" xmlns:xsi="http://www.w3.org/2001/XMLSchema-instance"><con:settings/><con:definitionCache type="TEXT" rootPart=""/><con:endpoints><con:endpoint>https://petstore.swagger.io</con:endpoint></con:endpoints><con:resource name="User" path="/v2/user" id="13b80b89-2a71-45cb-bb31-431efb4f4137"><con:settings/><con:parameters/><con:method name="User" id="2051868f-7800-49f5-91ab-5240a954683b" method="POST"><con:settings/><con:parameters/><con:representation type="RESPONSE"><con:mediaType>application/json</con:mediaType><con:status>200</con:status><con:params/><con:element xmlns:user="https://petstore.swagger.io/v2/user">user:Response</con:element></con:representation><con:representation type="REQUEST"><con:mediaType>application/json</con:mediaType><con:params/></con:representation><con:request name="Request 1" id="7465834f-d429-47af-b8eb-6c25ed7485e7" mediaType="application/json"><con:settings/><con:endpoint>https://petstore.swagger.io</con:endpoint><con:parameters/></con:request></con:method><con:method name="User 2" id="8905394d-b366-4db7-b067-9b21ae778173" method="GET"><con:settings/><con:parameters/><con:request name="Request 1" id="21e1156f-71c4-44e3-a014-609706e1448f" mediaType="application/json"><con:settings/><con:endpoint>https://petstore.swagger.io</con:endpoint><con:parameters/></con:request></con:method></con:resource><con:resource name="Login" path="/v2/user/login" id="ac51ada5-14ea-43c4-8bca-773679ce9542"><con:settings/><con:parameters/><con:method name="Login" id="c3602001-9f68-46d9-8d1c-c089b3368535" method="GET"><con:settings/><con:parameters><con:parameter required="true"><con:name>username</con:name><con:value>testuser</con:value><con:style>QUERY</con:style><con:default>testuser</con:default><con:path xsi:nil="true"/><con:description xsi:nil="true"/></con:parameter><con:parameter required="true"><con:name>password</con:name><con:value>testuser</con:value><con:style>QUERY</con:style><con:default>testuser</con:default><con:path xsi:nil="true"/><con:description xsi:nil="true"/></con:parameter></con:parameters><con:representation type="RESPONSE"><con:mediaType>application/json</con:mediaType><con:status>200</con:status><con:params/><con:element xmlns:log="https://petstore.swagger.io/v2/user/login">log:Response</con:element></con:representation><con:request name="Request 1" id="d862e70b-6686-43b5-b92d-1099cb784474" mediaType="application/json"><con:settings/><con:endpoint>https://petstore.swagger.io</con:endpoint><con:request/><con:credentials><con:authType>No Authorization</con:authType></con:credentials><con:jmsConfig JMSDeliveryMode="PERSISTENT"/><con:parameters><con:entry key="password" value="testuser"/><con:entry key="username" value="testuser"/></con:parameters><con:parameterOrder><con:entry>username</con:entry><con:entry>password</con:entry></con:parameterOrder></con:request></con:method></con:resource><con:resource name="Testuser" path="/v2/user/testuser" id="8d82f9ee-1a88-439b-a2c0-13ff206ced94"><con:settings/><con:parameters/><con:method name="Testuser" id="73a6799a-6769-495c-bdc9-006a686d04c2" method="GET"><con:settings/><con:parameters/><con:representation type="RESPONSE"><con:mediaType>application/json</con:mediaType><con:status>200</con:status><con:params/><con:element xmlns:tes="https://petstore.swagger.io/v2/user/testuser">tes:Response</con:element></con:representation><con:request name="Request 1" id="b6ae919c-e112-4f30-a8e8-2d77886024a5" mediaType="application/json"><con:settings/><con:endpoint>https://petstore.swagger.io</con:endpoint><con:parameters/></con:request></con:method><con:method name="Testuser 2" id="20833019-8ef4-4301-a1ed-9def8a28f840" method="DELETE"><con:settings/><con:parameters/><con:representation type="REQUEST"><con:mediaType>application/json</con:mediaType><con:params/></con:representation><con:representation type="FAULT"><con:mediaType xsi:nil="true"/><con:status>404</con:status><con:params/><con:element>data</con:element></con:representation><con:representation type="RESPONSE"><con:mediaType>application/json</con:mediaType><con:status>200</con:status><con:params/><con:element xmlns:tes="https://petstore.swagger.io/v2/user/testuser">tes:Response</con:element></con:representation><con:request name="Request 1" id="20352184-831d-4226-85f0-3e71217ad6c6" mediaType="application/json"><con:settings/><con:endpoint>https://petstore.swagger.io</con:endpoint><con:parameters/></con:request></con:method></con:resource><con:resource name="Logout" path="/v2/user/logout" id="0f1b006a-899d-4baa-a000-16dc4dc3a6c1"><con:settings/><con:parameters/><con:method name="Logout" id="ebf865d8-b405-451a-ae73-941cba139173" method="GET"><con:settings/><con:parameters/><con:representation type="RESPONSE"><con:mediaType>application/json</con:mediaType><con:status>200</con:status><con:params/><con:element xmlns:log="https://petstore.swagger.io/v2/user/logout">log:Response</con:element></con:representation><con:request name="Request 1" id="2a44050e-f057-4fe4-9edb-21ee75163bd2" mediaType="application/json"><con:settings/><con:endpoint>https://petstore.swagger.io</con:endpoint><con:parameters/></con:request></con:method></con:resource></con:interface><con:testSuite id="3629a0d5-87a2-4348-838b-8743dfa8a9b5" name="https://petstore.swagger.io TestSuite"><con:settings/><con:runType>SEQUENTIAL</con:runType><con:testCase id="6ca75a91-2d87-4314-9484-34805e0e2aad" discardOkResults="false" failOnError="true" failTestCaseOnErrors="true" keepSession="false" name="https://petstore.swagger.io TestCase 1" searchProperties="true" timeout="0"><con:settings/><con:testStep type="restrequest" name="Post request" id="b07060fc-5ec5-4d64-80be-ef71e1f5aa10"><con:settings/><con:config service="https://petstore.swagger.io" resourcePath="/v2/user" methodName="User" xsi:type="con:RestRequestStep" xmlns:xsi="http://www.w3.org/2001/XMLSchema-instance"><con:restRequest name="Post request" id="7465834f-d429-47af-b8eb-6c25ed7485e7" mediaType="application/json" postQueryString="false"><con:settings><con:setting id="com.eviware.soapui.impl.wsdl.WsdlRequest@request-headers">&lt;xml-fragment/></con:setting></con:settings><con:endpoint>https://petstore.swagger.io</con:endpoint><con:request>{
    "id": 1,
    "username": "testuser",
    "firstName": "John",
    "lastName": "Doe",
    "email": "john@doe.com",
    "password": "testuser",
    "phone": "234567890",
    "userStatus": 0
}</con:request><con:originalUri>https://petstore.swagger.io/v2/user</con:originalUri><con:credentials><con:selectedAuthProfile>No Authorization</con:selectedAuthProfile><con:authType>No Authorization</con:authType></con:credentials><con:jmsConfig JMSDeliveryMode="PERSISTENT"/><con:parameters/></con:restRequest></con:config></con:testStep><con:properties/><con:reportParameters/></con:testCase><con:properties/><con:reportParameters/></con:testSuite><con:testSuite id="1c57a6d3-7078-4a54-b643-344974f8a53d" name="https://petstore.swagger.io TestSuite 2"><con:settings/><con:runType>SEQUENTIAL</con:runType><con:testCase id="86eaa7d6-53d2-49a3-9cc0-47baf1a46175" discardOkResults="false" failOnError="true" failTestCaseOnErrors="true" keepSession="false" name="https://petstore.swagger.io TestCase 1" searchProperties="true" timeout="0"><con:settings/><con:testStep type="restrequest" name="Get Request - session ID" id="5bc3ea26-efe5-47d4-84c9-6f3f3f1b8a5e"><con:settings/><con:config service="https://petstore.swagger.io" resourcePath="/v2/user/login" methodName="Login" xsi:type="con:RestRequestStep" xmlns:xsi="http://www.w3.org/2001/XMLSchema-instance"><con:restRequest name="Get Request - session ID" id="d862e70b-6686-43b5-b92d-1099cb784474" mediaType="application/json"><con:settings><con:setting id="com.eviware.soapui.impl.wsdl.WsdlRequest@request-headers">&lt;xml-fragment/></con:setting></con:settings><con:endpoint>https://petstore.swagger.io</con:endpoint><con:request/><con:originalUri>https://petstore.swagger.io/v2/user/login</con:originalUri><con:credentials><con:selectedAuthProfile>No Authorization</con:selectedAuthProfile><con:authType>No Authorization</con:authType></con:credentials><con:jmsConfig JMSDeliveryMode="PERSISTENT"/><con:parameters/><con:parameterOrder><con:entry>username</con:entry><con:entry>password</con:entry></con:parameterOrder></con:restRequest></con:config></con:testStep><con:properties/><con:reportParameters/></con:testCase><con:properties/><con:reportParameters/></con:testSuite><con:testSuite id="580b983c-5a14-4d9f-ad78-851d43f8b7d1" name="https://petstore.swagger.io TestSuite 3"><con:settings/><con:runType>SEQUENTIAL</con:runType><con:testCase id="75c9ece7-2d50-4fab-b283-c1f897e09b22" discardOkResults="false" failOnError="true" failTestCaseOnErrors="true" keepSession="false" name="https://petstore.swagger.io TestCase 1" searchProperties="true" timeout="0"><con:settings/><con:testStep type="restrequest" name="Get User info" id="b462250b-dc82-4388-bfc9-433695a659d1"><con:settings/><con:config service="https://petstore.swagger.io" resourcePath="/v2/user/testuser" methodName="Testuser" xsi:type="con:RestRequestStep" xmlns:xsi="http://www.w3.org/2001/XMLSchema-instance"><con:restRequest name="Get User info" id="b6ae919c-e112-4f30-a8e8-2d77886024a5" mediaType="application/json"><con:settings><con:setting id="com.eviware.soapui.impl.wsdl.WsdlRequest@request-headers">&lt;xml-fragment/></con:setting></con:settings><con:endpoint>https://petstore.swagger.io</con:endpoint><con:request/><con:originalUri>https://petstore.swagger.io/v2/user/testuser</con:originalUri><con:credentials><con:selectedAuthProfile>No Authorization</con:selectedAuthProfile><con:authType>No Authorization</con:authType></con:credentials><con:jmsConfig JMSDeliveryMode="PERSISTENT"/><con:parameters/></con:restRequest></con:config></con:testStep><con:properties/><con:reportParameters/></con:testCase><con:properties/><con:reportParameters/></con:testSuite><con:testSuite id="9bd5d435-66ea-4913-b1f1-48ecaa12432d" name="https://petstore.swagger.io TestSuite 4"><con:settings/><con:runType>SEQUENTIAL</con:runType><con:testCase id="3071334e-a852-4606-92c8-720b9852f892" discardOkResults="false" failOnError="true" failTestCaseOnErrors="true" keepSession="false" name="https://petstore.swagger.io TestCase 1" searchProperties="true" timeout="0"><con:settings/><con:testStep type="restrequest" name="Get logout" id="28ca0d45-381d-4ecf-8c96-78fe4bc407ab"><con:settings/><con:config service="https://petstore.swagger.io" resourcePath="/v2/user/logout" methodName="Logout" xsi:type="con:RestRequestStep" xmlns:xsi="http://www.w3.org/2001/XMLSchema-instance"><con:restRequest name="Get logout" id="2a44050e-f057-4fe4-9edb-21ee75163bd2" mediaType="application/json"><con:settings><con:setting id="com.eviware.soapui.impl.wsdl.WsdlRequest@request-headers">&lt;xml-fragment/></con:setting></con:settings><con:endpoint>https://petstore.swagger.io</con:endpoint><con:request/><con:originalUri>https://petstore.swagger.io/v2/user/logout</con:originalUri><con:credentials><con:selectedAuthProfile>No Authorization</con:selectedAuthProfile><con:authType>No Authorization</con:authType></con:credentials><con:jmsConfig JMSDeliveryMode="PERSISTENT"/><con:parameters/></con:restRequest></con:config></con:testStep><con:properties/><con:reportParameters/></con:testCase><con:properties/><con:reportParameters/></con:testSuite><con:testSuite id="94f59556-84b9-4b60-a90e-8dbb3528c612" name="https://petstore.swagger.io TestSuite 5"><con:settings/><con:runType>SEQUENTIAL</con:runType><con:testCase id="2fccc5e6-4473-4494-8fa7-d8f2a3a8e85b" discardOkResults="false" failOnError="true" failTestCaseOnErrors="true" keepSession="false" name="https://petstore.swagger.io TestCase 1" searchProperties="true" timeout="0"><con:settings/><con:testStep type="restrequest" name="Delete request" id="54bb3440-bbef-45f4-b313-67329bca5a0f"><con:settings/><con:config service="https://petstore.swagger.io" resourcePath="/v2/user/testuser" methodName="Testuser 2" xsi:type="con:RestRequestStep" xmlns:xsi="http://www.w3.org/2001/XMLSchema-instance"><con:restRequest name="Delete request" id="20352184-831d-4226-85f0-3e71217ad6c6" mediaType="application/json" postQueryString="false"><con:settings><con:setting id="com.eviware.soapui.impl.wsdl.WsdlRequest@request-headers">&lt;xml-fragment/></con:setting></con:settings><con:endpoint>https://petstore.swagger.io</con:endpoint><con:request/><con:originalUri>https://petstore.swagger.io/v2/user/testuser</con:originalUri><con:credentials><con:selectedAuthProfile>No Authorization</con:selectedAuthProfile><con:authType>No Authorization</con:authType></con:credentials><con:jmsConfig JMSDeliveryMode="PERSISTENT"/><con:parameters/></con:restRequest></con:config></con:testStep><con:properties/><con:reportParameters/></con:testCase><con:properties/><con:reportParameters/></con:testSuite><con:properties/><con:wssContainer/><con:databaseConnectionContainer/><con:jmsConnectionContainer/><con:oAuth2ProfileContainer/><con:oAuth1ProfileContainer/><con:reporting><con:xmlTemplates/><con:parameters/></con:reporting><con:eventHandlers type="RequestFilter.filterRequest" name="RequestFilter.filterRequest"><con:script>// Sample event script to add custom HTTP header to all outgoing REST, SOAP and HTTP(S) calls
// This code is often used for adding custom authentication to SoapUI Pro tests

// If hardcoding the token, uncomment and change line 5
// token = '4567'

// If your token is parameterized in Project level custom property, uncomment line 8
// token = request.parent.testCase.testSuite.project.getProperty('auth_token').getValue()

// To modify all outgoing calls, remove comments from lines 11 to 16
// headers = request.requestHeaders
// if (headers.containsKey('auth_token2') == false) {
//   headers.put('auth_token2', token)
//   request.requestHeaders = headers
// }</con:script></con:eventHandlers><con:eventHandlers type="TestRunListener.afterStep" name="TestRunListener.afterStep"><con:script>// Save all test step results into files
// Change the directory path in line 5 to a location where you want to store details
// then uncomment lines 5 to 10

// filePath = 'C:\\tempOutputDirectory\\'
// fos = new java.io.FileOutputStream(filePath + testStepResult.testStep.label + '.txt', true)
// pw = new java.io.PrintWriter(fos)
// testStepResult.writeTo(pw)
// pw.close()
// fos.close()</con:script></con:eventHandlers><con:authRepository/><con:tags/></con:soapui-project>